Time,Displacement,Force
(s),(mm),(N)
"0.0000","0.0000","-0.0075"
"0.0200","0.0026","-0.0048"
"0.0400","0.0186","0.0101"
"0.0600","0.0287","0.0211"
"0.0800","0.0503","0.0496"
"0.1000","0.0738","0.0748"
"0.1200","0.0961","0.0992"
"0.1400","0.1173","0.1201"
"0.1600","0.1379","0.1371"
"0.1800","0.1585","0.1517"
"0.2000","0.1787","0.1638"
"0.2200","0.1990","0.1740"
"0.2400","0.2189","0.1808"
"0.2600","0.2390","0.1884"
"0.2800","0.2590","0.1947"
"0.3000","0.2790","0.2011"
"0.3200","0.2992","0.2056"
"0.3400","0.3191","0.2117"
"0.3600","0.3392","0.2160"
"0.3800","0.3591","0.2204"
"0.4000","0.3793","0.2239"
"0.4200","0.3992","0.2289"
"0.4400","0.4193","0.2316"
"0.4600","0.4393","0.2354"
"0.4800","0.4594","0.2378"
"0.5000","0.4792","0.2415"
"0.5200","0.4993","0.2433"
"0.5400","0.5192","0.2472"
"0.5600","0.5392","0.2479"
"0.5800","0.5591","0.2512"
"0.6000","0.5792","0.2526"
"0.6200","0.5991","0.2554"
"0.6400","0.6192","0.2553"
"0.6600","0.6391","0.2570"
"0.6800","0.6592","0.2567"
"0.7000","0.6791","0.2585"
"0.7200","0.6991","0.2589"
"0.7400","0.7191","0.2616"
"0.7600","0.7390","0.2624"
"0.7800","0.7591","0.2632"
"0.8000","0.7791","0.2615"
"0.8200","0.7993","0.2616"
"0.8400","0.8190","0.2612"
"0.8600","0.8393","0.2627"
"0.8800","0.8590","0.2630"
"0.9000","0.8792","0.2646"
"0.9200","0.8991","0.2641"
"0.9400","0.9192","0.2646"
"0.9600","0.9391","0.2637"
"0.9800","0.9591","0.2619"
"1.0000","0.9791","0.2600"
"1.0200","0.9991","0.2588"
"1.0400","1.0192","0.2583"
"1.0600","1.0391","0.2585"
"1.0800","1.0592","0.2592"
"1.1000","1.0790","0.2585"
"1.1200","1.0989","0.2592"
"1.1400","1.1190","0.2585"
"1.1600","1.1390","0.2572"
"1.1800","1.1592","0.2556"
"1.2000","1.1791","0.2555"
"1.2200","1.1992","0.2545"
"1.2400","1.2191","0.2528"
"1.2600","1.2391","0.2498"
"1.2800","1.2592","0.2499"
"1.3000","1.2791","0.2492"
"1.3200","1.2991","0.2495"
"1.3400","1.3190","0.2467"
"1.3600","1.3391","0.2471"
"1.3800","1.3590","0.2462"
"1.4000","1.3791","0.2469"
"1.4200","1.3991","0.2452"
"1.4400","1.4191","0.2459"
"1.4600","1.4391","0.2449"
"1.4800","1.4591","0.2448"
"1.5000","1.4792","0.2424"
"1.5200","1.4991","0.2440"
"1.5400","1.5192","0.2433"
"1.5600","1.5392","0.2443"
"1.5800","1.5592","0.2415"
"1.6000","1.5792","0.2400"
"1.6200","1.5992","0.2373"
"1.6400","1.6192","0.2380"
"1.6600","1.6392","0.2362"
"1.6800","1.6593","0.2381"
"1.7000","1.6791","0.2365"
"1.7200","1.6992","0.2375"
"1.7400","1.7191","0.2352"
"1.7600","1.7393","0.2367"
"1.7800","1.7593","0.2349"
"1.8000","1.7792","0.2360"
"1.8200","1.7992","0.2339"
"1.8400","1.8192","0.2353"
"1.8600","1.8393","0.2329"
"1.8800","1.8590","0.2320"
"1.9000","1.8791","0.2267"
"1.9200","1.8992","0.2265"
"1.9400","1.9193","0.2237"
"1.9600","1.9392","0.2238"
"1.9800","1.9592","0.2206"
"2.0000","1.9791","0.2221"
"2.0200","1.9991","0.2202"
"2.0400","2.0191","0.2211"
"2.0600","2.0391","0.2197"
"2.0800","2.0590","0.2213"
"2.1000","2.0791","0.2206"
"2.1200","2.0991","0.2213"
"2.1400","2.1193","0.2189"
"2.1600","2.1392","0.2206"
"2.1800","2.1591","0.2201"
"2.2000","2.1791","0.2216"
"2.2200","2.1992","0.2194"
"2.2400","2.2192","0.2195"
"2.2600","2.2391","0.2166"
"2.2800","2.2592","0.2148"
"2.3000","2.2791","0.2116"
"2.3200","2.2992","0.2126"
"2.3400","2.3191","0.2111"
"2.3600","2.3393","0.2115"
"2.3800","2.3591","0.2103"
"2.4000","2.3792","0.2112"
"2.4200","2.3990","0.2103"
"2.4400","2.4191","0.2086"
"2.4600","2.4390","0.2062"
"2.4800","2.4590","0.2047"
"2.5000","2.4792","0.2046"
"2.5200","2.4991","0.2040"
"2.5400","2.5192","0.2043"
"2.5600","2.5391","0.2040"
"2.5800","2.5592","0.2041"
"2.6000","2.5791","0.2033"
"2.6200","2.5991","0.2049"
"2.6400","2.6190","0.2031"
"2.6600","2.6390","0.2046"
"2.6800","2.6591","0.2037"
"2.7000","2.6792","0.2037"
"2.7200","2.6993","0.1985"
"2.7400","2.7192","0.1967"
"2.7600","2.7393","0.1917"
"2.7800","2.7592","0.1881"
"2.8000","2.7791","0.1842"
"2.8200","2.7991","0.1855"
"2.8400","2.8190","0.1830"
"2.8600","2.8392","0.1854"
"2.8800","2.8591","0.1837"
"2.9000","2.8791","0.1854"
"2.9200","2.8991","0.1842"
"2.9400","2.9191","0.1858"
"2.9600","2.9392","0.1843"
"2.9800","2.9591","0.1863"
"3.0000","2.9792","0.1835"
"3.0200","2.9988","0.1854"
"3.0400","3.0189","0.1855"
"3.0600","3.0389","0.1873"
"3.0800","3.0591","0.1854"
"3.1000","3.0791","0.1870"
"3.1200","3.0991","0.1863"
"3.1400","3.1191","0.1861"
"3.1600","3.1391","0.1841"
"3.1800","3.1592","0.1866"
"3.2000","3.1790","0.1844"
"3.2200","3.1991","0.1844"
"3.2400","3.2189","0.1811"
"3.2600","3.2390","0.1819"
"3.2800","3.2592","0.1826"
"3.3000","3.2791","0.1825"
"3.3200","3.2992","0.1824"
"3.3400","3.3192","0.1819"
"3.3600","3.3392","0.1826"
"3.3800","3.3590","0.1825"
"3.4000","3.3790","0.1834"
"3.4200","3.3991","0.1828"
"3.4400","3.4192","0.1829"
"3.4600","3.4392","0.1829"
"3.4800","3.4593","0.1824"
"3.5000","3.4792","0.1829"
"3.5200","3.4992","0.1829"
"3.5400","3.5193","0.1836"
"3.5600","3.5392","0.1829"
"3.5800","3.5592","0.1838"
"3.6000","3.5791","0.1832"
"3.6200","3.5990","0.1837"
"3.6400","3.6191","0.1834"
"3.6600","3.6391","0.1838"
"3.6800","3.6592","0.1836"
"3.7000","3.6791","0.1839"
"3.7200","3.6992","0.1840"
"3.7400","3.7192","0.1848"
"3.7600","3.7391","0.1845"
"3.7800","3.7591","0.1842"
"3.8000","3.7790","0.1847"
"3.8200","3.7992","0.1846"
"3.8400","3.8190","0.1854"
"3.8600","3.8392","0.1850"
"3.8800","3.8590","0.1861"
"3.9000","3.8792","0.1851"
"3.9200","3.8991","0.1861"
"3.9400","3.9192","0.1852"
"3.9600","3.9391","0.1868"
"3.9800","3.9590","0.1852"
"4.0000","3.9790","0.1871"
"4.0200","3.9990","0.1850"
"4.0400","4.0191","0.1858"
"4.0600","4.0391","0.1833"
"4.0800","4.0592","0.1852"
"4.1000","4.0792","0.1831"
"4.1200","4.0991","0.1850"
"4.1400","4.1191","0.1830"
"4.1600","4.1392","0.1857"
"4.1800","4.1592","0.1836"
"4.2000","4.1792","0.1862"
"4.2200","4.1992","0.1830"
"4.2400","4.2191","0.1848"
"4.2600","4.2391","0.1800"
"4.2800","4.2592","0.1797"
"4.3000","4.2792","0.1765"
"4.3200","4.2992","0.1785"
"4.3400","4.3191","0.1763"
"4.3600","4.3393","0.1785"
"4.3800","4.3591","0.1766"
"4.4000","4.3792","0.1795"
"4.4200","4.3991","0.1771"
"4.4400","4.4192","0.1799"
"4.4600","4.4391","0.1777"
"4.4800","4.4592","0.1798"
"4.5000","4.4792","0.1779"
"4.5200","4.4991","0.1798"
"4.5400","4.5191","0.1777"
"4.5600","4.5391","0.1777"
"4.5800","4.5591","0.1751"
"4.6000","4.5791","0.1766"
"4.6200","4.5991","0.1760"
"4.6400","4.6193","0.1773"
"4.6600","4.6391","0.1760"
"4.6800","4.6592","0.1779"
"4.7000","4.6791","0.1772"
"4.7200","4.6992","0.1779"
"4.7400","4.7191","0.1763"
"4.7600","4.7390","0.1780"
"4.7800","4.7590","0.1777"
"4.8000","4.7791","0.1786"
"4.8200","4.7992","0.1786"
"4.8400","4.8191","0.1791"
"4.8600","4.8392","0.1787"
"4.8800","4.8590","0.1783"
"4.9000","4.8792","0.1768"
"4.9200","4.8991","0.1770"
"4.9400","4.9193","0.1776"
"4.9600","4.9391","0.1766"
"4.9800","4.9592","0.1767"
"5.0000","4.9792","0.1768"
"5.0200","4.9992","0.1787"
"5.0400","5.0193","0.1791"
"5.0600","5.0392","0.1786"
"5.0800","5.0592","0.1788"
"5.1000","5.0792","0.1798"
"5.1200","5.0992","0.1791"
"5.1400","5.1193","0.1801"
"5.1600","5.1391","0.1796"
"5.1800","5.1592","0.1812"
"5.2000","5.1791","0.1797"
"5.2200","5.1992","0.1813"
"5.2400","5.2192","0.1798"
"5.2600","5.2392","0.1819"
"5.2800","5.2592","0.1810"
"5.3000","5.2791","0.1834"
"5.3200","5.2993","0.1819"
"5.3400","5.3191","0.1839"
"5.3600","5.3393","0.1818"
"5.3800","5.3590","0.1831"
"5.4000","5.3793","0.1827"
"5.4200","5.3991","0.1852"
"5.4400","5.4193","0.1832"
"5.4600","5.4392","0.1847"
"5.4800","5.4591","0.1825"
"5.5000","5.4792","0.1853"
"5.5200","5.4992","0.1832"
"5.5400","5.5192","0.1859"
"5.5600","5.5392","0.1834"
"5.5800","5.5592","0.1857"
"5.6000","5.5792","0.1835"
"5.6200","5.5992","0.1856"
"5.6400","5.6192","0.1827"
"5.6600","5.6391","0.1837"
"5.6800","5.6592","0.1811"
"5.7000","5.6791","0.1835"
"5.7200","5.6992","0.1823"
"5.7400","5.7190","0.1835"
"5.7600","5.7391","0.1814"
"5.7800","5.7591","0.1832"
"5.8000","5.7791","0.1824"
"5.8200","5.7990","0.1848"
"5.8400","5.8189","0.1837"
"5.8600","5.8391","0.1854"
"5.8800","5.8590","0.1841"
"5.9000","5.8791","0.1852"
"5.9200","5.8991","0.1843"
"5.9400","5.9192","0.1854"
"5.9600","5.9392","0.1856"
"5.9800","5.9592","0.1869"
"6.0000","5.9792","0.1866"
"6.0200","5.9991","0.1871"
"6.0400","6.0193","0.1874"
"6.0600","6.0391","0.1868"
"6.0800","6.0590","0.1872"
"6.1000","6.0790","0.1879"
"6.1200","6.0990","0.1887"
"6.1400","6.1191","0.1879"
"6.1600","6.1391","0.1884"
"6.1800","6.1592","0.1873"
"6.2000","6.1790","0.1879"
"6.2200","6.1991","0.1877"
"6.2400","6.2191","0.1889"
"6.2600","6.2391","0.1884"
"6.2800","6.2591","0.1902"
"6.3000","6.2791","0.1888"
"6.3200","6.2991","0.1897"
"6.3400","6.3190","0.1866"
"6.3600","6.3391","0.1861"
"6.3800","6.3590","0.1841"
"6.4000","6.3791","0.1857"
"6.4200","6.3991","0.1845"
"6.4400","6.4191","0.1869"
"6.4600","6.4391","0.1851"
"6.4800","6.4592","0.1863"
"6.5000","6.4792","0.1854"
"6.5200","6.4992","0.1878"
"6.5400","6.5193","0.1860"
"6.5600","6.5392","0.1878"
"6.5800","6.5592","0.1870"
"6.6000","6.5793","0.1886"
"6.6200","6.5992","0.1868"
"6.6400","6.6192","0.1892"
"6.6600","6.6391","0.1880"
"6.6800","6.6592","0.1903"
"6.7000","6.6792","0.1884"
"6.7200","6.6993","0.1899"
"6.7400","6.7192","0.1886"
"6.7600","6.7391","0.1909"
"6.7800","6.7592","0.1891"
"6.8000","6.7791","0.1908"
"6.8200","6.7992","0.1900"
"6.8400","6.8191","0.1917"
"6.8600","6.8393","0.1905"
"6.8800","6.8592","0.1923"
"6.9000","6.8792","0.1916"
"6.9200","6.8991","0.1943"
"6.9400","6.9192","0.1923"
"6.9600","6.9392","0.1938"
"6.9800","6.9593","0.1929"
"7.0000","6.9793","0.1953"
"7.0200","6.9991","0.1938"
"7.0400","7.0192","0.1956"
"7.0600","7.0392","0.1952"
"7.0800","7.0593","0.1963"
"7.1000","7.0791","0.1949"
"7.1200","7.0992","0.1968"
"7.1400","7.1192","0.1965"
"7.1600","7.1391","0.1976"
"7.1800","7.1592","0.1969"
"7.2000","7.1791","0.1981"
"7.2200","7.1992","0.1986"
"7.2400","7.2191","0.1994"
"7.2600","7.2391","0.1984"
"7.2800","7.2591","0.1996"
"7.3000","7.2790","0.1998"
"7.3200","7.2991","0.2008"
"7.3400","7.3190","0.1998"
"7.3600","7.3391","0.2003"
"7.3800","7.3591","0.2011"
"7.4000","7.3792","0.2017"
"7.4200","7.3991","0.2017"
"7.4400","7.4192","0.2021"
"7.4600","7.4392","0.2026"
"7.4800","7.4592","0.2017"
"7.5000","7.4791","0.2008"
"7.5200","7.4990","0.1996"
"7.5400","7.5192","0.2011"
"7.5600","7.5392","0.1998"
"7.5800","7.5591","0.2009"
"7.6000","7.5791","0.2000"
"7.6200","7.5992","0.2021"
"7.6400","7.6191","0.2006"
"7.6600","7.6390","0.2028"
"7.6800","7.6592","0.2008"
"7.7000","7.6791","0.2034"
"7.7200","7.6991","0.2016"
"7.7400","7.7190","0.2040"
"7.7600","7.7390","0.2024"
"7.7800","7.7591","0.2054"
"7.8000","7.7791","0.2028"
"7.8200","7.7991","0.2058"
"7.8400","7.8190","0.2033"
"7.8600","7.8391","0.2068"
"7.8800","7.8590","0.2037"
"7.9000","7.8791","0.2058"
"7.9200","7.8990","0.2043"
"7.9400","7.9191","0.2086"
"7.9600","7.9391","0.2060"
"7.9800","7.9591","0.2081"
"8.0000","7.9790","0.2060"
"8.0200","7.9991","0.2091"
"8.0400","8.0192","0.2070"
"8.0600","8.0391","0.2092"
"8.0800","8.0591","0.2078"
"8.1000","8.0792","0.2105"
"8.1200","8.0991","0.2077"
"8.1400","8.1192","0.2096"
"8.1600","8.1391","0.2082"
"8.1800","8.1592","0.2101"
"8.2000","8.1791","0.2083"
"8.2200","8.1991","0.2101"
"8.2400","8.2191","0.2091"
"8.2600","8.2390","0.2102"
"8.2800","8.2590","0.2087"
"8.3000","8.2790","0.2100"
"8.3200","8.2992","0.2092"
"8.3400","8.3190","0.2102"
"8.3600","8.3392","0.2095"
"8.3800","8.3590","0.2100"
"8.4000","8.3793","0.2104"
"8.4200","8.3991","0.2109"
"8.4400","8.4192","0.2104"
"8.4600","8.4390","0.2106"
"8.4800","8.4591","0.2109"
"8.5000","8.4792","0.2110"
"8.5200","8.4992","0.2103"
"8.5400","8.5193","0.2104"
"8.5600","8.5392","0.2112"
"8.5800","8.5591","0.2100"
"8.6000","8.5791","0.2096"
"8.6200","8.5991","0.2082"
"8.6400","8.6191","0.2085"
"8.6600","8.6392","0.2076"
"8.6800","8.6593","0.2079"
"8.7000","8.6792","0.2072"
"8.7200","8.6993","0.2092"
"8.7400","8.7192","0.2085"
"8.7600","8.7392","0.2093"
"8.7800","8.7593","0.2082"
"8.8000","8.7791","0.2086"
"8.8200","8.7991","0.2066"
"8.8400","8.8190","0.2068"
"8.8600","8.8392","0.2054"
"8.8800","8.8590","0.2069"
"8.9000","8.8790","0.2054"
"8.9200","8.8990","0.2064"
"8.9400","8.9191","0.2053"
"8.9600","8.9392","0.2076"
"8.9800","8.9591","0.2062"
"9.0000","8.9791","0.2074"
"9.0200","8.9990","0.2059"
"9.0400","9.0191","0.2083"
"9.0600","9.0391","0.2064"
"9.0800","9.0591","0.2073"
"9.1000","9.0791","0.2049"
"9.1200","9.0991","0.2034"
"9.1400","9.1192","0.1936"
"9.1600","9.1391","0.1875"
"9.1800","9.1592","0.1816"
"9.2000","9.1790","0.1830"
"9.2200","9.1991","0.1808"
"9.2400","9.2190","0.1820"
"9.2600","9.2391","0.1797"
"9.2800","9.2591","0.1819"
"9.3000","9.2791","0.1803"
"9.3200","9.2993","0.1773"
"9.3400","9.3192","0.1727"
"9.3600","9.3393","0.1740"
"9.3800","9.3591","0.1728"
"9.4000","9.3791","0.1739"
"9.4200","9.3991","0.1730"
"9.4400","9.4192","0.1739"
"9.4600","9.4392","0.1735"
"9.4800","9.4593","0.1748"
"9.5000","9.4792","0.1752"
"9.5200","9.4993","0.1763"
"9.5400","9.5192","0.1758"
"9.5600","9.5390","0.1763"
"9.5800","9.5590","0.1760"
"9.6000","9.5790","0.1767"
"9.6200","9.5991","0.1768"
"9.6400","9.6192","0.1769"
"9.6600","9.6391","0.1771"
"9.6800","9.6592","0.1786"
"9.7000","9.6791","0.1793"
"9.7200","9.6992","0.1794"
"9.7400","9.7192","0.1794"
"9.7600","9.7392","0.1801"
"9.7800","9.7592","0.1800"
"9.8000","9.7791","0.1801"
"9.8200","9.7992","0.1810"
"9.8400","9.8192","0.1820"
"9.8600","9.8393","0.1818"
"9.8800","9.8591","0.1816"
"9.9000","9.8792","0.1819"
"9.9200","9.8991","0.1825"
"9.9400","9.9192","0.1823"
"9.9600","9.9391","0.1827"
"9.9800","9.9592","0.1837"
"10.0000","9.9791","0.1850"
"10.0200","9.9989","0.1847"
"10.0400","10.0190","0.1850"
"10.0600","10.0391","0.1858"
"10.0800","10.0592","0.1874"
"10.1000","10.0791","0.1866"
"10.1200","10.0991","0.1866"
"10.1400","10.1191","0.1872"
"10.1600","10.1392","0.1890"
"10.1800","10.1594","0.1885"
"10.2000","10.1792","0.1888"
"10.2200","10.1993","0.1895"
"10.2400","10.2191","0.1908"
"10.2600","10.2391","0.1903"
"10.2800","10.2592","0.1904"
"10.3000","10.2791","0.1908"
"10.3200","10.2992","0.1925"
"10.3400","10.3191","0.1932"
"10.3600","10.3392","0.1935"
"10.3800","10.3591","0.1940"
"10.4000","10.3792","0.1945"
"10.4200","10.3993","0.1948"
"10.4400","10.4192","0.1936"
"10.4600","10.4392","0.1906"
"10.4800","10.4591","0.1883"
"10.5000","10.4792","0.1880"
"10.5200","10.4990","0.1879"
"10.5400","10.5192","0.1889"
"10.5600","10.5392","0.1896"
"10.5800","10.5592","0.1900"
"10.6000","10.5792","0.1896"
"10.6200","10.5992","0.1902"
"10.6400","10.6192","0.1909"
"10.6600","10.6391","0.1915"
"10.6800","10.6591","0.1920"
"10.7000","10.6788","0.1924"
"10.7200","10.6990","0.1927"
"10.7400","10.7190","0.1928"
"10.7600","10.7391","0.1930"
"10.7800","10.7592","0.1940"
"10.8000","10.7792","0.1941"
"10.8200","10.7992","0.1951"
"10.8400","10.8190","0.1956"
"10.8600","10.8390","0.1969"
"10.8800","10.8589","0.1974"
"10.9000","10.8790","0.1969"
"10.9200","10.8990","0.1971"
"10.9400","10.9192","0.1985"
"10.9600","10.9390","0.1993"
"10.9800","10.9591","0.1987"
"11.0000","10.9792","0.1995"
"11.0200","10.9992","0.2004"
"11.0400","11.0192","0.2011"
"11.0600","11.0391","0.2012"
"11.0800","11.0590","0.2014"
"11.1000","11.0791","0.2026"
"11.1200","11.0991","0.2030"
"11.1400","11.1192","0.2024"
"11.1600","11.1391","0.2012"
"11.1800","11.1591","0.1989"
"11.2000","11.1791","0.1967"
"11.2200","11.1991","0.1953"
"11.2400","11.2191","0.1948"
"11.2600","11.2390","0.1954"
"11.2800","11.2591","0.1934"
"11.3000","11.2790","0.1894"
"11.3200","11.2992","0.1865"
"11.3400","11.3191","0.1864"
"11.3600","11.3393","0.1862"
"11.3800","11.3591","0.1867"
"11.4000","11.3793","0.1870"
"11.4200","11.3991","0.1884"
"11.4400","11.4191","0.1878"
"11.4600","11.4390","0.1880"
"11.4800","11.4591","0.1879"
"11.5000","11.4791","0.1894"
"11.5200","11.4991","0.1892"
"11.5400","11.5191","0.1895"
"11.5600","11.5391","0.1892"
"11.5800","11.5592","0.1910"
"11.6000","11.5791","0.1905"
"11.6200","11.5992","0.1912"
"11.6400","11.6191","0.1911"
"11.6600","11.6391","0.1929"
"11.6800","11.6591","0.1924"
"11.7000","11.6792","0.1932"
"11.7200","11.6993","0.1932"
"11.7400","11.7192","0.1944"
"11.7600","11.7393","0.1942"
"11.7800","11.7593","0.1947"
"11.8000","11.7791","0.1947"
"11.8200","11.7992","0.1954"
"11.8400","11.8191","0.1949"
"11.8600","11.8393","0.1945"
"11.8800","11.8591","0.1945"
"11.9000","11.8792","0.1955"
"11.9200","11.8990","0.1953"
"11.9400","11.9192","0.1955"
"11.9600","11.9393","0.1957"
"11.9800","11.9592","0.1963"
"12.0000","11.9792","0.1958"
"12.0200","11.9991","0.1954"
"12.0400","12.0192","0.1961"
"12.0600","12.0392","0.1966"
"12.0800","12.0592","0.1953"
"12.1000","12.0791","0.1940"
"12.1200","12.0991","0.1944"
"12.1400","12.1192","0.1938"
"12.1600","12.1391","0.1916"
"12.1800","12.1592","0.1906"
"12.2000","12.1791","0.1899"
"12.2200","12.1992","0.1906"
"12.2400","12.2191","0.1896"
"12.2600","12.2391","0.1889"
"12.2800","12.2592","0.1897"
"12.3000","12.2792","0.1904"
"12.3200","12.2993","0.1896"
"12.3400","12.3191","0.1889"
"12.3600","12.3392","0.1903"
"12.3800","12.3590","0.1906"
"12.4000","12.3791","0.1903"
"12.4200","12.3990","0.1901"
"12.4400","12.4192","0.1912"
"12.4600","12.4391","0.1914"
"12.4800","12.4591","0.1911"
"12.5000","12.4791","0.1917"
"12.5200","12.4991","0.1930"
"12.5400","12.5191","0.1936"
"12.5600","12.5390","0.1925"
"12.5800","12.5591","0.1928"
"12.6000","12.5791","0.1938"
"12.6200","12.5990","0.1948"
"12.6400","12.6191","0.1944"
"12.6600","12.6391","0.1950"
"12.6800","12.6591","0.1957"
"12.7000","12.6791","0.1961"
"12.7200","12.6991","0.1951"
"12.7400","12.7191","0.1967"
"12.7600","12.7391","0.1969"
"12.7800","12.7590","0.1981"
"12.8000","12.7789","0.1968"
"12.8200","12.7991","0.1983"
"12.8400","12.8190","0.1991"
"12.8600","12.8392","0.2007"
"12.8800","12.8591","0.1984"
"12.9000","12.8792","0.1997"
"12.9200","12.8990","0.2000"
"12.9400","12.9191","0.2014"
"12.9600","12.9391","0.2008"
"12.9800","12.9591","0.2018"
"13.0000","12.9791","0.2016"
"13.0200","12.9990","0.2026"
"13.0400","13.0191","0.2017"
"13.0600","13.0391","0.2028"
"13.0800","13.0591","0.2031"
"13.1000","13.0791","0.2037"
"13.1200","13.0992","0.2030"
"13.1400","13.1192","0.2039"
"13.1600","13.1392","0.2051"
"13.1800","13.1592","0.2054"
"13.2000","13.1791","0.2053"
"13.2200","13.1992","0.2063"
"13.2400","13.2191","0.2071"
"13.2600","13.2391","0.2069"
"13.2800","13.2592","0.2070"
"13.3000","13.2792","0.2076"
"13.3200","13.2992","0.2087"
"13.3400","13.3191","0.2091"
"13.3600","13.3391","0.2093"
"13.3800","13.3590","0.2089"
"13.4000","13.3791","0.2100"
"13.4200","13.3990","0.2104"
"13.4400","13.4191","0.2114"
"13.4600","13.4392","0.2117"
"13.4800","13.4592","0.2132"
"13.5000","13.4792","0.2129"
"13.5200","13.4991","0.2125"
"13.5400","13.5192","0.2128"
"13.5600","13.5391","0.2145"
"13.5800","13.5592","0.2142"
"13.6000","13.5792","0.2146"
"13.6200","13.5991","0.2153"
"13.6400","13.6192","0.2172"
"13.6600","13.6391","0.2167"
"13.6800","13.6592","0.2169"
"13.7000","13.6791","0.2169"
"13.7200","13.6991","0.2182"
"13.7400","13.7190","0.2180"
"13.7600","13.7392","0.2188"
"13.7800","13.7593","0.2189"
"13.8000","13.7792","0.2209"
"13.8200","13.7992","0.2209"
"13.8400","13.8192","0.2217"
"13.8600","13.8393","0.2216"
"13.8800","13.8592","0.2225"
"13.9000","13.8792","0.2215"
"13.9200","13.8991","0.2225"
"13.9400","13.9192","0.2223"
"13.9600","13.9391","0.2241"
"13.9800","13.9591","0.2238"
"14.0000","13.9791","0.2253"
"14.0200","13.9992","0.2254"
"14.0400","14.0192","0.2269"
"14.0600","14.0391","0.2256"
"14.0800","14.0591","0.2262"
"14.1000","14.0791","0.2273"
"14.1200","14.0990","0.2288"
"14.1400","14.1191","0.2282"
"14.1600","14.1391","0.2297"
"14.1800","14.1591","0.2296"
"14.2000","14.1790","0.2309"
"14.2200","14.1992","0.2291"
"14.2400","14.2191","0.2308"
"14.2600","14.2391","0.2311"
"14.2800","14.2591","0.2329"
"14.3000","14.2791","0.2315"
"14.3200","14.2992","0.2330"
"14.3400","14.3191","0.2324"
"14.3600","14.3393","0.2348"
"14.3800","14.3590","0.2331"
"14.4000","14.3793","0.2351"
"14.4200","14.3992","0.2348"
"14.4400","14.4192","0.2367"
"14.4600","14.4391","0.2353"
"14.4800","14.4591","0.2369"
"14.5000","14.4791","0.2367"
"14.5200","14.4991","0.2380"
"14.5400","14.5191","0.2367"
"14.5600","14.5390","0.2379"
"14.5800","14.5591","0.2379"
"14.6000","14.5791","0.2380"
"14.6200","14.5992","0.2364"
"14.6400","14.6192","0.2373"
"14.6600","14.6391","0.2370"
"14.6800","14.6592","0.2372"
"14.7000","14.6791","0.2354"
"14.7200","14.6992","0.2367"
"14.7400","14.7192","0.2367"
"14.7600","14.7392","0.2366"
"14.7800","14.7593","0.2358"
"14.8000","14.7792","0.2370"
"14.8200","14.7992","0.2370"
"14.8400","14.8191","0.2355"
"14.8600","14.8392","0.2328"
"14.8800","14.8590","0.2330"
"14.9000","14.8791","0.2336"
"14.9200","14.8990","0.2339"
"14.9400","14.9191","0.2329"
"14.9600","14.9391","0.2336"
"14.9800","14.9591","0.2325"
"15.0000","14.9791","0.2319"
"15.0200","14.9991","0.2295"
"15.0400","15.0192","0.2305"
"15.0600","15.0391","0.2306"
"15.0800","15.0591","0.2311"
"15.1000","15.0792","0.2309"
"15.1200","15.0992","0.2322"
"15.1400","15.1192","0.2316"
"15.1600","15.1392","0.2321"
"15.1800","15.1593","0.2317"
"15.2000","15.1791","0.2328"
"15.2200","15.1991","0.2332"
"15.2400","15.2191","0.2330"
"15.2600","15.2391","0.2329"
"15.2800","15.2591","0.2345"
"15.3000","15.2790","0.2361"
"15.3200","15.2992","0.2360"
"15.3400","15.3191","0.2352"
"15.3600","15.3392","0.2357"
"15.3800","15.3590","0.2372"
"15.4000","15.3791","0.2372"
"15.4200","15.3991","0.2371"
"15.4400","15.4192","0.2374"
"15.4600","15.4391","0.2391"
"15.4800","15.4592","0.2384"
"15.5000","15.4792","0.2396"
"15.5200","15.4992","0.2399"
"15.5400","15.5192","0.2416"
"15.5600","15.5391","0.2405"
"15.5800","15.5591","0.2416"
"15.6000","15.5792","0.2417"
"15.6200","15.5991","0.2432"
"15.6400","15.6192","0.2419"
"15.6600","15.6391","0.2432"
"15.6800","15.6592","0.2433"
"15.7000","15.6791","0.2454"
"15.7200","15.6992","0.2443"
"15.7400","15.7191","0.2440"
"15.7600","15.7391","0.2426"
"15.7800","15.7592","0.2442"
"15.8000","15.7791","0.2432"
"15.8200","15.7991","0.2445"
"15.8400","15.8190","0.2445"
"15.8600","15.8392","0.2467"
"15.8800","15.8590","0.2452"
"15.9000","15.8791","0.2471"
"15.9200","15.8990","0.2462"
"15.9400","15.9191","0.2479"
"15.9600","15.9391","0.2463"
"15.9800","15.9591","0.2468"
"16.0000","15.9792","0.2443"
"16.0200","15.9991","0.2458"
"16.0400","16.0191","0.2439"
"16.0600","16.0391","0.2458"
"16.0800","16.0591","0.2452"
"16.1000","16.0791","0.2469"
"16.1200","16.0990","0.2456"
"16.1400","16.1190","0.2472"
"16.1600","16.1390","0.2473"
"16.1800","16.1590","0.2490"
"16.2000","16.1791","0.2478"
"16.2200","16.1991","0.2490"
"16.2400","16.2190","0.2486"
"16.2600","16.2392","0.2507"
"16.2800","16.2593","0.2483"
"16.3000","16.2791","0.2475"
"16.3200","16.2992","0.2469"
"16.3400","16.3191","0.2474"
"16.3600","16.3393","0.2465"
"16.3800","16.3592","0.2486"
"16.4000","16.3793","0.2487"
"16.4200","16.3991","0.2493"
"16.4400","16.4192","0.2479"
"16.4600","16.4392","0.2499"
"16.4800","16.4591","0.2501"
"16.5000","16.4792","0.2513"
"16.5200","16.4991","0.2500"
"16.5400","16.5192","0.2520"
"16.5600","16.5392","0.2522"
"16.5800","16.5593","0.2535"
"16.6000","16.5793","0.2519"
"16.6200","16.5991","0.2528"
"16.6400","16.6192","0.2533"
"16.6600","16.6391","0.2549"
"16.6800","16.6592","0.2545"
"16.7000","16.6791","0.2558"
"16.7200","16.6992","0.2555"
"16.7400","16.7191","0.2566"
"16.7600","16.7391","0.2561"
"16.7800","16.7592","0.2578"
"16.8000","16.7792","0.2578"
"16.8200","16.7993","0.2589"
"16.8400","16.8191","0.2584"
"16.8600","16.8391","0.2597"
"16.8800","16.8589","0.2599"
"16.9000","16.8791","0.2608"
"16.9200","16.8991","0.2603"
"16.9400","16.9192","0.2607"
"16.9600","16.9392","0.2615"
"16.9800","16.9592","0.2627"
"17.0000","16.9792","0.2629"
"17.0200","16.9992","0.2633"
"17.0400","17.0192","0.2638"
"17.0600","17.0391","0.2645"
"17.0800","17.0591","0.2650"
"17.1000","17.0792","0.2656"
"17.1200","17.0992","0.2672"
"17.1400","17.1192","0.2665"
"17.1600","17.1392","0.2669"
"17.1800","17.1592","0.2673"
"17.2000","17.1791","0.2685"
"17.2200","17.1991","0.2681"
"17.2400","17.2191","0.2684"
"17.2600","17.2391","0.2686"
"17.2800","17.2591","0.2709"
"17.3000","17.2791","0.2701"
"17.3200","17.2992","0.2706"
"17.3400","17.3192","0.2704"
"17.3600","17.3393","0.2726"
"17.3800","17.3590","0.2716"
"17.4000","17.3792","0.2732"
"17.4200","17.3991","0.2731"
"17.4400","17.4191","0.2741"
"17.4600","17.4391","0.2727"
"17.4800","17.4590","0.2744"
"17.5000","17.4791","0.2736"
"17.5200","17.4991","0.2730"
"17.5400","17.5192","0.2705"
"17.5600","17.5391","0.2715"
"17.5800","17.5591","0.2706"
"17.6000","17.5791","0.2731"
"17.6200","17.5992","0.2716"
"17.6400","17.6191","0.2729"
"17.6600","17.6391","0.2730"
"17.6800","17.6592","0.2750"
"17.7000","17.6790","0.2729"
"17.7200","17.6990","0.2747"
"17.7400","17.7190","0.2738"
"17.7600","17.7391","0.2759"
"17.7800","17.7591","0.2737"
"17.8000","17.7791","0.2756"
"17.8200","17.7991","0.2756"
"17.8400","17.8191","0.2755"
"17.8600","17.8391","0.2716"
"17.8800","17.8590","0.2732"
"17.9000","17.8790","0.2721"
"17.9200","17.8990","0.2744"
"17.9400","17.9191","0.2722"
"17.9600","17.9391","0.2746"
"17.9800","17.9591","0.2738"
"18.0000","17.9791","0.2766"
"18.0200","17.9989","0.2737"
"18.0400","18.0191","0.2755"
"18.0600","18.0390","0.2745"
"18.0800","18.0592","0.2773"
"18.1000","18.0792","0.2752"
"18.1200","18.0992","0.2779"
"18.1400","18.1192","0.2768"
"18.1600","18.1391","0.2792"
"18.1800","18.1592","0.2777"
"18.2000","18.1791","0.2797"
"18.2200","18.1993","0.2795"
"18.2400","18.2191","0.2810"
"18.2600","18.2391","0.2787"
"18.2800","18.2592","0.2806"
"18.3000","18.2792","0.2802"
"18.3200","18.2991","0.2827"
"18.3400","18.3189","0.2813"
"18.3600","18.3389","0.2830"
"18.3800","18.3588","0.2822"
"18.4000","18.3789","0.2836"
"18.4200","18.3990","0.2829"
"18.4400","18.4192","0.2850"
"18.4600","18.4392","0.2847"
"18.4800","18.4593","0.2854"
"18.5000","18.4792","0.2847"
"18.5200","18.4993","0.2867"
"18.5400","18.5192","0.2866"
"18.5600","18.5390","0.2876"
"18.5800","18.5591","0.2868"
"18.6000","18.5791","0.2883"
"18.6200","18.5991","0.2889"
"18.6400","18.6192","0.2900"
"18.6600","18.6391","0.2892"
"18.6800","18.6591","0.2902"
"18.7000","18.6790","0.2894"
"18.7200","18.6992","0.2888"
"18.7400","18.7191","0.2880"
"18.7600","18.7391","0.2880"
"18.7800","18.7592","0.2891"
"18.8000","18.7791","0.2902"
"18.8200","18.7992","0.2904"
"18.8400","18.8191","0.2908"
"18.8600","18.8394","0.2917"
"18.8800","18.8592","0.2913"
"18.9000","18.8793","0.2920"
"18.9200","18.8991","0.2928"
"18.9400","18.9191","0.2939"
"18.9600","18.9390","0.2945"
"18.9800","18.9591","0.2949"
"19.0000","18.9792","0.2950"
"19.0200","18.9991","0.2960"
"19.0400","19.0191","0.2960"
"19.0600","19.0390","0.2960"
"19.0800","19.0592","0.2969"
"19.1000","19.0792","0.2979"
"19.1200","19.0991","0.2981"
"19.1400","19.1190","0.2993"
"19.1600","19.1392","0.3005"
"19.1800","19.1592","0.3012"
"19.2000","19.1791","0.3006"
"19.2200","19.1991","0.3018"
"19.2400","19.2190","0.3023"
"19.2600","19.2392","0.3034"
"19.2800","19.2593","0.3032"
"19.3000","19.2792","0.3042"
"19.3200","19.2992","0.3054"
"19.3400","19.3191","0.3066"
"19.3600","19.3392","0.3056"
"19.3800","19.3590","0.3064"
"19.4000","19.3792","0.3075"
"19.4200","19.3991","0.3095"
"19.4400","19.4192","0.3085"
"19.4600","19.4392","0.3096"
"19.4800","19.4592","0.3083"
"19.5000","19.4792","0.3099"
"19.5200","19.4990","0.3088"
"19.5400","19.5191","0.3110"
"19.5600","19.5391","0.3098"
"19.5800","19.5591","0.3122"
"19.6000","19.5791","0.3105"
"19.6200","19.5991","0.3126"
"19.6400","19.6193","0.3112"
"19.6600","19.6392","0.3144"
"19.6800","19.6593","0.3114"
"19.7000","19.6791","0.3110"
"19.7200","19.6992","0.3086"
"19.7400","19.7191","0.3110"
"19.7600","19.7391","0.3090"
"19.7800","19.7592","0.3112"
"19.8000","19.7791","0.3099"
"19.8200","19.7991","0.3132"
"19.8400","19.8190","0.3119"
"19.8600","19.8392","0.3142"
"19.8800","19.8590","0.3128"
"19.9000","19.8791","0.3155"
"19.9200","19.8990","0.3145"
"19.9400","19.9192","0.3167"
"19.9600","19.9391","0.3157"
"19.9800","19.9591","0.3180"
"20.0000","19.9792","0.3162"
"20.0200","19.9993","0.3186"
"20.0400","20.0192","0.3182"
"20.0600","20.0391","0.3204"
"20.0800","20.0590","0.3187"
"20.1000","20.0790","0.3213"
"20.1200","20.0990","0.3208"
"20.1400","20.1192","0.3231"
"20.1600","20.1391","0.3220"
"20.1800","20.1592","0.3213"
"20.2000","20.1792","0.3188"
"20.2200","20.1993","0.3205"
"20.2400","20.2192","0.3185"
"20.2600","20.2392","0.3206"
"20.2800","20.2592","0.3201"
"20.3000","20.2791","0.3222"
"20.3200","20.2992","0.3212"
"20.3400","20.3191","0.3231"
"20.3600","20.3393","0.3235"
"20.3800","20.3591","0.3249"
"20.4000","20.3793","0.3247"
"20.4200","20.3991","0.3266"
"20.4400","20.4191","0.3272"
"20.4600","20.4391","0.3284"
"20.4800","20.4591","0.3276"
"20.5000","20.4791","0.3293"
"20.5200","20.4990","0.3298"
"20.5400","20.5191","0.3313"
"20.5600","20.5391","0.3314"
"20.5800","20.5591","0.3325"
"20.6000","20.5791","0.3336"
"20.6200","20.5991","0.3344"
"20.6400","20.6191","0.3347"
"20.6600","20.6391","0.3354"
"20.6800","20.6592","0.3369"
"20.7000","20.6792","0.3373"
"20.7200","20.6992","0.3385"
"20.7400","20.7192","0.3388"
"20.7600","20.7392","0.3404"
"20.7800","20.7593","0.3406"
"20.8000","20.7791","0.3412"
"20.8200","20.7991","0.3420"
"20.8400","20.8190","0.3436"
"20.8600","20.8391","0.3443"
"20.8800","20.8590","0.3453"
"20.9000","20.8791","0.3453"
"20.9200","20.8990","0.3471"
"20.9400","20.9191","0.3467"
"20.9600","20.9391","0.3485"
"20.9800","20.9591","0.3487"
"21.0000","20.9791","0.3499"
"21.0200","20.9989","0.3496"
"21.0400","21.0190","0.3512"
"21.0600","21.0390","0.3515"
"21.0800","21.0591","0.3541"
"21.1000","21.0792","0.3536"
"21.1200","21.0992","0.3550"
"21.1400","21.1192","0.3551"
"21.1600","21.1391","0.3577"
"21.1800","21.1591","0.3565"
"21.2000","21.1788","0.3576"
"21.2200","21.1990","0.3574"
"21.2400","21.2190","0.3599"
"21.2600","21.2391","0.3594"
"21.2800","21.2593","0.3613"
"21.3000","21.2792","0.3607"
"21.3200","21.2992","0.3634"
"21.3400","21.3192","0.3628"
"21.3600","21.3392","0.3649"
"21.3800","21.3591","0.3643"
"21.4000","21.3792","0.3665"
"21.4200","21.3992","0.3656"
"21.4400","21.4192","0.3681"
"21.4600","21.4391","0.3680"
"21.4800","21.4592","0.3704"
"21.5000","21.4792","0.3693"
"21.5200","21.4992","0.3712"
"21.5400","21.5193","0.3710"
"21.5600","21.5392","0.3737"
"21.5800","21.5592","0.3725"
"21.6000","21.5792","0.3747"
"21.6200","21.5991","0.3744"
"21.6400","21.6192","0.3771"
"21.6600","21.6392","0.3759"
"21.6800","21.6592","0.3781"
"21.7000","21.6792","0.3777"
"21.7200","21.6992","0.3805"
"21.7400","21.7192","0.3800"
"21.7600","21.7391","0.3818"
"21.7800","21.7591","0.3814"
"21.8000","21.7791","0.3845"
"21.8200","21.7992","0.3833"
"21.8400","21.8190","0.3856"
"21.8600","21.8392","0.3850"
"21.8800","21.8591","0.3878"
"21.9000","21.8792","0.3871"
"21.9200","21.8991","0.3899"
"21.9400","21.9192","0.3897"
"21.9600","21.9392","0.3918"
"21.9800","21.9592","0.3903"
"22.0000","21.9792","0.3933"
"22.0200","21.9991","0.3932"
"22.0400","22.0192","0.3958"
"22.0600","22.0392","0.3941"
"22.0800","22.0592","0.3956"
"22.1000","22.0793","0.3959"
"22.1200","22.0992","0.3981"
"22.1400","22.1192","0.3979"
"22.1600","22.1392","0.3998"
"22.1800","22.1592","0.4006"
"22.2000","22.1791","0.4031"
"22.2200","22.1992","0.4027"
"22.2400","22.2191","0.4034"
"22.2600","22.2392","0.4040"
"22.2800","22.2593","0.4054"
"22.3000","22.2791","0.4055"
"22.3200","22.2991","0.4078"
"22.3400","22.3190","0.4096"
"22.3600","22.3392","0.4104"
"22.3800","22.3591","0.4104"
"22.4000","22.3791","0.4113"
"22.4200","22.3991","0.4122"
"22.4400","22.4191","0.4131"
"22.4600","22.4391","0.4135"
"22.4800","22.4590","0.4146"
"22.5000","22.4791","0.4164"
"22.5200","22.4990","0.4171"
"22.5400","22.5191","0.4186"
"22.5600","22.5391","0.4189"
"22.5800","22.5590","0.4206"
"22.6000","22.5790","0.4214"
"22.6200","22.5991","0.4222"
"22.6400","22.6192","0.4227"
"22.6600","22.6391","0.4247"
"22.6800","22.6592","0.4253"
"22.7000","22.6791","0.4270"
"22.7200","22.6991","0.4275"
"22.7400","22.7189","0.4299"
"22.7600","22.7390","0.4297"
"22.7800","22.7591","0.4311"
"22.8000","22.7791","0.4311"
"22.8200","22.7992","0.4336"
"22.8400","22.8192","0.4338"
"22.8600","22.8392","0.4358"
"22.8800","22.8590","0.4360"
"22.9000","22.8791","0.4378"
"22.9200","22.8990","0.4372"
"22.9400","22.9191","0.4390"
"22.9600","22.9390","0.4397"
"22.9800","22.9591","0.4418"
"23.0000","22.9791","0.4423"
"23.0200","22.9992","0.4437"
"23.0400","23.0192","0.4445"
"23.0600","23.0391","0.4466"
"23.0800","23.0591","0.4468"
"23.1000","23.0792","0.4477"
"23.1200","23.0990","0.4476"
"23.1400","23.1191","0.4503"
"23.1600","23.1391","0.4503"
"23.1800","23.1592","0.4523"
"23.2000","23.1791","0.4531"
"23.2200","23.1993","0.4548"
"23.2400","23.2192","0.4548"
"23.2600","23.2392","0.4561"
"23.2800","23.2592","0.4565"
"23.3000","23.2791","0.4592"
"23.3200","23.2992","0.4591"
"23.3400","23.3191","0.4607"
"23.3600","23.3393","0.4609"
"23.3800","23.3591","0.4624"
"23.4000","23.3793","0.4625"
"23.4200","23.3991","0.4642"
"23.4400","23.4192","0.4655"
"23.4600","23.4392","0.4680"
"23.4800","23.4592","0.4679"
"23.5000","23.4792","0.4693"
"23.5200","23.4991","0.4698"
"23.5400","23.5191","0.4724"
"23.5600","23.5391","0.4722"
"23.5800","23.5591","0.4734"
"23.6000","23.5791","0.4739"
"23.6200","23.5991","0.4762"
"23.6400","23.6191","0.4765"
"23.6600","23.6391","0.4781"
"23.6800","23.6591","0.4785"
"23.7000","23.6790","0.4806"
"23.7200","23.6991","0.4789"
"23.7400","23.7191","0.4736"
"23.7600","23.7391","0.4706"
"23.7800","23.7592","0.4724"
"23.8000","23.7792","0.4717"
"23.8200","23.7993","0.4742"
"23.8400","23.8190","0.4747"
"23.8600","23.8391","0.4778"
"23.8800","23.8590","0.4774"
"23.9000","23.8791","0.4801"
"23.9200","23.8992","0.4800"
"23.9400","23.9193","0.4819"
"23.9600","23.9392","0.4823"
"23.9800","23.9593","0.4847"
"24.0000","23.9792","0.4860"
"24.0200","23.9990","0.4883"
"24.0400","24.0191","0.4881"
"24.0600","24.0391","0.4899"
"24.0800","24.0592","0.4907"
"24.1000","24.0792","0.4928"
"24.1200","24.0991","0.4931"
"24.1400","24.1191","0.4955"
"24.1600","24.1390","0.4960"
"24.1800","24.1592","0.4977"
"24.2000","24.1790","0.4981"
"24.2200","24.1991","0.5000"
"24.2400","24.2190","0.5014"
"24.2600","24.2392","0.5033"
"24.2800","24.2593","0.5040"
"24.3000","24.2793","0.5049"
"24.3200","24.2992","0.5061"
"24.3400","24.3191","0.5075"
"24.3600","24.3392","0.5084"
"24.3800","24.3590","0.5105"
"24.4000","24.3789","0.5122"
"24.4200","24.3989","0.5139"
"24.4400","24.4191","0.5139"
"24.4600","24.4391","0.5154"
"24.4800","24.4591","0.5174"
"24.5000","24.4791","0.5190"
"24.5200","24.4992","0.5199"
"24.5400","24.5193","0.5215"
"24.5600","24.5391","0.5222"
"24.5800","24.5590","0.5217"
"24.6000","24.5790","0.5212"
"24.6200","24.5991","0.5222"
"24.6400","24.6192","0.5234"
"24.6600","24.6391","0.5255"
"24.6800","24.6591","0.5263"
"24.7000","24.6791","0.5280"
"24.7200","24.6992","0.5287"
"24.7400","24.7192","0.5309"
"24.7600","24.7392","0.5313"
"24.7800","24.7592","0.5336"
"24.8000","24.7792","0.5343"
"24.8200","24.7993","0.5372"
"24.8400","24.8192","0.5365"
"24.8600","24.8393","0.5394"
"24.8800","24.8591","0.5399"
"24.9000","24.8792","0.5419"
"24.9200","24.8991","0.5418"
"24.9400","24.9192","0.5450"
"24.9600","24.9391","0.5459"
"24.9800","24.9591","0.5478"
"25.0000","24.9793","0.5480"
"25.0200","24.9992","0.5506"
"25.0400","25.0192","0.5520"
"25.0600","25.0391","0.5543"
"25.0800","25.0592","0.5540"
"25.1000","25.0792","0.5561"
"25.1200","25.0991","0.5577"
"25.1400","25.1191","0.5601"
"25.1600","25.1391","0.5606"
"25.1800","25.1592","0.5625"
"25.2000","25.1792","0.5641"
"25.2200","25.1993","0.5655"
"25.2400","25.2191","0.5665"
"25.2600","25.2391","0.5683"
"25.2800","25.2591","0.5699"
"25.3000","25.2791","0.5707"
"25.3200","25.2991","0.5729"
"25.3400","25.3190","0.5742"
"25.3600","25.3391","0.5764"
"25.3800","25.3591","0.5770"
"25.4000","25.3791","0.5785"
"25.4200","25.3991","0.5796"
"25.4400","25.4191","0.5820"
"25.4600","25.4391","0.5830"
"25.4800","25.4592","0.5848"
"25.5000","25.4792","0.5849"
"25.5200","25.4991","0.5858"
"25.5400","25.5191","0.5868"
"25.5600","25.5391","0.5891"
"25.5800","25.5591","0.5906"
"25.6000","25.5792","0.5932"
"25.6200","25.5992","0.5930"
"25.6400","25.6193","0.5944"
"25.6600","25.6391","0.5956"
"25.6800","25.6592","0.5987"
"25.7000","25.6790","0.5995"
"25.7200","25.6991","0.6015"
"25.7400","25.7190","0.6028"
"25.7600","25.7391","0.6050"
"25.7800","25.7592","0.6054"
"25.8000","25.7792","0.6075"
"25.8200","25.7992","0.6080"
"25.8400","25.8191","0.6104"
"25.8600","25.8391","0.6111"
"25.8800","25.8590","0.6139"
"25.9000","25.8790","0.6144"
"25.9200","25.8991","0.6172"
"25.9400","25.9191","0.6174"
"25.9600","25.9392","0.6202"
"25.9800","25.9591","0.6221"
"26.0000","25.9790","0.6250"
"26.0200","25.9989","0.6253"
"26.0400","26.0190","0.6269"
"26.0600","26.0389","0.6281"
"26.0800","26.0590","0.6306"
"26.1000","26.0791","0.6080"
"26.1200","26.0991","0.5326"
"26.1400","26.1192","0.4908"
"26.1600","26.1391","0.4842"
"26.1800","26.1591","0.4868"
"26.2000","26.1791","0.4922"
"26.2200","26.1993","0.4946"
"26.2400","26.2192","0.4974"
"26.2600","26.2391","0.4984"
"26.2800","26.2591","0.5016"
"26.3000","26.2791","0.5032"
"26.3200","26.2991","0.5062"
"26.3400","26.3190","0.5080"
"26.3600","26.3392","0.5112"
"26.3800","26.3590","0.5128"
"26.4000","26.3792","0.5160"
"26.4200","26.3991","0.5177"
"26.4400","26.4192","0.5208"
"26.4600","26.4391","0.5231"
"26.4800","26.4591","0.5257"
"26.5000","26.4792","0.5280"
"26.5200","26.4991","0.5307"
"26.5400","26.5192","0.5333"
"26.5600","26.5392","0.5363"
"26.5800","26.5592","0.5377"
"26.6000","26.5791","0.5402"
"26.6200","26.5991","0.5434"
"26.6400","26.6191","0.5462"
"26.6600","26.6392","0.5483"
"26.6800","26.6592","0.5499"
"26.7000","26.6791","0.5528"
"26.7200","26.6992","0.5550"
"26.7400","26.7191","0.5573"
"26.7600","26.7392","0.5598"
"26.7800","26.7593","0.5617"
"26.8000","26.7792","0.5642"
"26.8200","26.7992","0.5667"
"26.8400","26.8190","0.5696"
"26.8600","26.8392","0.5728"
"26.8800","26.8591","0.5751"
"26.9000","26.8792","0.5773"
"26.9200","26.8993","0.5791"
"26.9400","26.9193","0.5818"
"26.9600","26.9392","0.5844"
"26.9800","26.9591","0.5868"
"27.0000","26.9791","0.5898"
"27.0200","26.9990","0.5921"
"27.0400","27.0192","0.5942"
"27.0600","27.0392","0.5955"
"27.0800","27.0593","0.5975"
"27.1000","27.0791","0.6010"
"27.1200","27.0991","0.6041"
"27.1400","27.1192","0.6063"
"27.1600","27.1391","0.6088"
"27.1800","27.1591","0.6104"
"27.2000","27.1790","0.6120"
"27.2200","27.1990","0.6106"
"27.2400","27.2190","0.6101"
"27.2600","27.2391","0.6119"
"27.2800","27.2591","0.6141"
"27.3000","27.2791","0.6169"
"27.3200","27.2992","0.6192"
"27.3400","27.3191","0.6215"
"27.3600","27.3392","0.6238"
"27.3800","27.3590","0.6263"
"27.4000","27.3791","0.6288"
"27.4200","27.3990","0.6312"
"27.4400","27.4191","0.6336"
"27.4600","27.4390","0.6361"
"27.4800","27.4591","0.6327"
"27.5000","27.4791","0.6270"
"27.5200","27.4992","0.6239"
"27.5400","27.5192","0.6263"
"27.5600","27.5391","0.6292"
"27.5800","27.5591","0.6335"
"27.6000","27.5792","0.6339"
"27.6200","27.5991","0.6371"
"27.6400","27.6191","0.6376"
"27.6600","27.6390","0.6417"
"27.6800","27.6591","0.6419"
"27.7000","27.6791","0.6457"
"27.7200","27.6991","0.6467"
"27.7400","27.7191","0.6508"
"27.7600","27.7390","0.6514"
"27.7800","27.7591","0.6536"
"27.8000","27.7790","0.6568"
"27.8200","27.7992","0.6591"
"27.8400","27.8190","0.6608"
"27.8600","27.8392","0.6632"
"27.8800","27.8591","0.6653"
"27.9000","27.8791","0.6658"
"27.9200","27.8990","0.6665"
"27.9400","27.9191","0.6681"
"27.9600","27.9390","0.6704"
"27.9800","27.9590","0.6732"
"28.0000","27.9790","0.6753"
"28.0200","27.9991","0.6775"
"28.0400","28.0191","0.6797"
"28.0600","28.0392","0.6825"
"28.0800","28.0592","0.6849"
"28.1000","28.0792","0.6871"
"28.1200","28.0991","0.6895"
"28.1400","28.1191","0.6925"
"28.1600","28.1390","0.6945"
"28.1800","28.1591","0.6967"
"28.2000","28.1792","0.6991"
"28.2200","28.1993","0.7016"
"28.2400","28.2192","0.7035"
"28.2600","28.2392","0.7059"
"28.2800","28.2593","0.7078"
"28.3000","28.2792","0.7101"
"28.3200","28.2992","0.7119"
"28.3400","28.3191","0.7150"
"28.3600","28.3392","0.7168"
"28.3800","28.3591","0.7199"
"28.4000","28.3791","0.7210"
"28.4200","28.3992","0.7250"
"28.4400","28.4193","0.7272"
"28.4600","28.4392","0.7301"
"28.4800","28.4591","0.7309"
"28.5000","28.4791","0.7338"
"28.5200","28.4990","0.7358"
"28.5400","28.5191","0.7394"
"28.5600","28.5391","0.7404"
"28.5800","28.5591","0.7435"
"28.6000","28.5791","0.7454"
"28.6200","28.5991","0.7495"
"28.6400","28.6192","0.7505"
"28.6600","28.6391","0.7536"
"28.6800","28.6591","0.7547"
"28.7000","28.6790","0.7577"
"28.7200","28.6991","0.7586"
"28.7400","28.7189","0.7623"
"28.7600","28.7391","0.7636"
"28.7800","28.7591","0.7667"
"28.8000","28.7791","0.7675"
"28.8200","28.7992","0.7713"
"28.8400","28.8191","0.7703"
"28.8600","28.8393","0.7694"
"28.8800","28.8591","0.7680"
"28.9000","28.8792","0.7715"
"28.9200","28.8991","0.7726"
"28.9400","28.9193","0.7736"
"28.9600","28.9391","0.7727"
"28.9800","28.9592","0.7755"
"29.0000","28.9792","0.7781"
"29.0200","28.9992","0.7819"
"29.0400","29.0192","0.7838"
"29.0600","29.0391","0.7870"
"29.0800","29.0591","0.7896"
"29.1000","29.0791","0.7928"
"29.1200","29.0991","0.7950"
"29.1400","29.1192","0.7988"
"29.1600","29.1391","0.8018"
"29.1800","29.1592","0.8046"
"29.2000","29.1791","0.8062"
"29.2200","29.1991","0.8091"
"29.2400","29.2191","0.8123"
"29.2600","29.2391","0.8155"
"29.2800","29.2591","0.8175"
"29.3000","29.2791","0.8185"
"29.3200","29.2992","0.8180"
"29.3400","29.3190","0.8192"
"29.3600","29.3393","0.8219"
"29.3800","29.3591","0.8261"
"29.4000","29.3793","0.8289"
"29.4200","29.3991","0.8313"
"29.4400","29.4191","0.8326"
"29.4600","29.4391","0.8356"
"29.4800","29.4591","0.8388"
"29.5000","29.4792","0.8424"
"29.5200","29.4992","0.8447"
"29.5400","29.5193","0.8474"
"29.5600","29.5392","0.8500"
"29.5800","29.5592","0.8529"
"29.6000","29.5791","0.8538"
"29.6200","29.5991","0.8519"
"29.6400","29.6190","0.8523"
"29.6600","29.6390","0.8550"
"29.6800","29.6591","0.8586"
"29.7000","29.6792","0.8618"
"29.7200","29.6993","0.8659"
"29.7400","29.7192","0.8675"
"29.7600","29.7392","0.8705"
"29.7800","29.7593","0.8741"
"29.8000","29.7792","0.8776"
"29.8200","29.7992","0.8807"
"29.8400","29.8190","0.8843"
"29.8600","29.8392","0.8866"
"29.8800","29.8591","0.8895"
"29.9000","29.8792","0.8909"
"29.9200","29.8991","0.8937"
"29.9400","29.9191","0.8955"
"29.9600","29.9392","0.8997"
"29.9800","29.9592","0.9008"
"30.0000","29.9792","0.9047"
"30.0200","29.9990","0.9058"
"30.0400","30.0192","0.9104"
"30.0600","30.0393","0.9114"
"30.0800","30.0593","0.9160"
"30.1000","30.0793","0.9171"
"30.1200","30.0992","0.9223"
"30.1400","30.1193","0.9227"
"30.1600","30.1391","0.9275"
"30.1800","30.1592","0.9289"
"30.2000","30.1791","0.9334"
"30.2200","30.1991","0.9351"
"30.2400","30.2190","0.9399"
"30.2600","30.2391","0.9413"
"30.2800","30.2592","0.9455"
"30.3000","30.2792","0.9463"
"30.3200","30.2992","0.9510"
"30.3400","30.3191","0.9516"
"30.3600","30.3393","0.9532"
"30.3800","30.3591","0.9521"
"30.4000","30.3790","0.9552"
"30.4200","30.3990","0.9576"
"30.4400","30.4193","0.9620"
"30.4600","30.4392","0.9632"
"30.4800","30.4592","0.9674"
"30.5000","30.4791","0.9700"
"30.5200","30.4991","0.9736"
"30.5400","30.5192","0.9751"
"30.5600","30.5391","0.9785"
"30.5800","30.5590","0.9814"
"30.6000","30.5791","0.9856"
"30.6200","30.5991","0.9876"
"30.6400","30.6192","0.9905"
"30.6600","30.6391","0.9940"
"30.6800","30.6592","0.9977"
"30.7000","30.6792","1.0001"
"30.7200","30.6992","1.0043"
"30.7400","30.7192","1.0076"
"30.7600","30.7392","1.0106"
"30.7800","30.7592","1.0126"
"30.8000","30.7792","1.0153"
"30.8200","30.7993","1.0159"
"30.8400","30.8191","1.0188"
"30.8600","30.8392","1.0182"
"30.8800","30.8590","1.0155"
"30.9000","30.8792","1.0154"
"30.9200","30.8990","1.0192"
"30.9400","30.9192","1.0218"
"30.9600","30.9391","1.0259"
"30.9800","30.9590","1.0298"
"31.0000","30.9792","1.0350"
"31.0200","30.9991","1.0369"
"31.0400","31.0190","1.0404"
"31.0600","31.0390","1.0433"
"31.0800","31.0591","1.0468"
"31.1000","31.0792","1.0503"
"31.1200","31.0990","1.0535"
"31.1400","31.1190","1.0507"
"31.1600","31.1390","1.0499"
"31.1800","31.1591","1.0523"
"31.2000","31.1791","1.0560"
"31.2200","31.1993","1.0602"
"31.2400","31.2190","1.0621"
"31.2600","31.2391","1.0646"
"31.2800","31.2591","1.0679"
"31.3000","31.2790","1.0708"
"31.3200","31.2990","1.0737"
"31.3400","31.3190","1.0745"
"31.3600","31.3392","1.0769"
"31.3800","31.3591","1.0801"
"31.4000","31.3792","1.0836"
"31.4200","31.3992","1.0873"
"31.4400","31.4193","1.0900"
"31.4600","31.4392","1.0924"
"31.4800","31.4593","1.0946"
"31.5000","31.4793","1.0979"
"31.5200","31.4991","1.1020"
"31.5400","31.5192","1.1070"
"31.5600","31.5391","1.1087"
"31.5800","31.5592","1.1116"
"31.6000","31.5792","1.1143"
"31.6200","31.5993","1.1187"
"31.6400","31.6193","1.1209"
"31.6600","31.6391","1.1213"
"31.6800","31.6592","1.1111"
"31.7000","31.6791","1.1081"
"31.7200","31.6992","1.1091"
"31.7400","31.7191","1.1139"
"31.7600","31.7393","1.1176"
"31.7800","31.7592","1.1222"
"31.8000","31.7791","1.1254"
"31.8200","31.7991","1.1309"
"31.8400","31.8191","1.1317"
"31.8600","31.8392","1.1384"
"31.8800","31.8591","1.1351"
"31.9000","31.8791","1.1309"
"31.9200","31.8992","1.1269"
"31.9400","31.9193","1.1327"
"31.9600","31.9392","1.1350"
"31.9800","31.9592","1.1429"
"32.0000","31.9791","1.1450"
"32.0200","31.9992","1.1527"
"32.0400","32.0192","1.1535"
"32.0600","32.0392","1.1596"
"32.0800","32.0592","1.1618"
"32.1000","32.0791","1.1689"
"32.1200","32.0991","1.1703"
"32.1400","32.1193","1.1773"
"32.1600","32.1392","1.1785"
"32.1800","32.1592","1.1851"
"32.2000","32.1791","1.1863"
"32.2200","32.1991","1.1928"
"32.2400","32.2191","1.1951"
"32.2600","32.2390","1.2010"
"32.2800","32.2590","1.2027"
"32.3000","32.2790","1.2077"
"32.3200","32.2991","1.2106"
"32.3400","32.3191","1.2166"
"32.3600","32.3393","1.2187"
"32.3800","32.3591","1.2241"
"32.4000","32.3792","1.2270"
"32.4200","32.3990","1.2328"
"32.4400","32.4191","1.2350"
"32.4600","32.4391","1.2406"
"32.4800","32.4591","1.2428"
"32.5000","32.4791","1.2485"
"32.5200","32.4991","1.2508"
"32.5400","32.5191","1.2564"
"32.5600","32.5391","1.2599"
"32.5800","32.5592","1.2648"
"32.6000","32.5791","1.2674"
"32.6200","32.5990","1.2729"
"32.6400","32.6189","1.2759"
"32.6600","32.6390","1.2813"
"32.6800","32.6591","1.2836"
"32.7000","32.6790","1.2889"
"32.7200","32.6991","1.2925"
"32.7400","32.7191","1.2967"
"32.7600","32.7392","1.2984"
"32.7800","32.7592","1.3032"
"32.8000","32.7791","1.3065"
"32.8200","32.7991","1.3113"
"32.8400","32.8190","1.3141"
"32.8600","32.8391","1.3192"
"32.8800","32.8590","1.3226"
"32.9000","32.8791","1.3277"
"32.9200","32.8990","1.3304"
"32.9400","32.9191","1.3298"
"32.9600","32.9391","1.3175"
"32.9800","32.9590","1.2814"
"33.0000","32.9791","1.2554"
"33.0200","32.9990","1.2509"
"33.0400","33.0192","1.2554"
"33.0600","33.0392","1.2603"
"33.0800","33.0592","1.2656"
"33.1000","33.0792","1.2722"
"33.1200","33.0992","1.2780"
"33.1400","33.1192","1.2835"
"33.1600","33.1391","1.2878"
"33.1800","33.1592","1.2931"
"33.2000","33.1791","1.2977"
"33.2200","33.1991","1.3027"
"33.2400","33.2191","1.3076"
"33.2600","33.2391","1.3124"
"33.2800","33.2591","1.3180"
"33.3000","33.2792","1.3220"
"33.3200","33.2992","1.3269"
"33.3400","33.3191","1.3313"
"33.3600","33.3392","1.3370"
"33.3800","33.3591","1.3414"
"33.4000","33.3792","1.3461"
"33.4200","33.3993","1.2783"
"33.4360","33.4153","1.0188"
"33.4560","33.4352","0.8006"

